Array Size , No of Swaps , No of Comparisons, Compares/Swaps 
4096,11256.0,62283.0,5.533315565031983
2048,5097.0,28387.0,5.569354522268001
1024,2298.0,12801.0,5.570496083550914
